<?xml version="1.0"?>
<info>
	<id>appvncsafe</id>
	<name>appvncsafe</name>
	<description>Module for VNCsafe</description>
	<summary>This application is developed by VNC (https://vnc.biz). The primary goal of the application is to support various functions in order to integrate Owncloud with Zimbra.</summary>
	<version>1.1.3</version>
	<category>tools</category>
	<licence>AGPL</licence>
	<author>VNC</author>
	<dependencies>
		<owncloud min-version="8.0" max-version="10.0.3" />
	</dependencies>
</info>
